{
  "Author": "Ottermandias",
  "Name": "AutoVisor",
  "Punchline": "Change Visor and Stance based on State and Job.",
  "Description": "Automatically change visor, headslot hiding, and weapon hiding status for different player states, as well as default CPose-stances per job.",
  "Tags": [ "Visor", "Headslot", "Hat", "CPose", "Stance", "State", "Glasses" ],
  "InternalName": "AutoVisor",
  "AssemblyVersion": "1.3.1.0",
  "RepoUrl": "https://github.com/Ottermandias/AutoVisor",
  "ApplicableVersion": "any",
  "DalamudApiLevel": 11,
  "LoadPriority": 0,
  "ImageUrls": null,
  "IconUrl": "https://raw.githubusercontent.com/Ottermandias/AutoVisor/master/images/icon.png"
}