{
  "Disabled": false,
  "Testing": false,
  "InstalledFromUrl": null,
  "Author": "Ottermandias",
  "Name": "AutoVisor",
  "Punchline": "Change Visor and Stance based on State and Job.",
  "Description": "Automatically change visor, headslot hiding, and weapon hiding status for different player states, as well as default CPose-stances per job.",
  "Tags": [ "Visor", "Headslot", "Hat", "CPose", "Stance", "State", "Glasses" ],
  "IsHide": false,
  "InternalName": "AutoVisor",
  "AssemblyVersion": "1.2.0.0",
  "TestingAssemblyVersion": null,
  "IsTestingExclusive": false,
  "RepoUrl": "https://github.com/Ottermandias/AutoVisor",
  "ApplicableVersion": "any",
  "DalamudApiLevel": 4,
  "DownloadCount": 0,
  "LastUpdate": 0,
  "DownloadLinkInstall": null,
  "DownloadLinkUpdate": null,
  "DownloadLinkTesting": "https://github.com/Ottermandias/AutoVisor/raw/master/AutoVisor.zip",
  "LoadPriority": 0,
  "ImageUrls": null,
  "IconUrl": "https://github.com/Ottermandias/AutoVisor/raw/master/Icon.png",
}