{
  "Author": "Ottermandias",
  "Name": "AutoVisor",
  "InternalName": "AutoVisor",
  "AssemblyVersion": "1.4.0.0",
  "Description": "Automatically change visor, headslot hiding, and weapon hiding status for different player states, as well as default CPose-stances per job.",
  "ApplicableVersion": "any",
  "RepoUrl": "https://github.com/Ottermandias/AutoVisor",
  "Tags": [
    "Visor",
    "Headslot",
    "Hat",
    "CPose",
    "Stance",
    "State",
    "Glasses"
  ],
  "DalamudApiLevel": 12,
  "LoadRequiredState": 0,
  "LoadSync": false,
  "CanUnloadAsync": false,
  "LoadPriority": 0,
  "IconUrl": "https://raw.githubusercontent.com/Ottermandias/AutoVisor/master/images/icon.png",
  "Punchline": "Change Visor and Stance based on State and Job.",
  "AcceptsFeedback": true
}